489.36547, -99.50725
496.82329, -102.36275
496.97345, -101.64875
497.17366, -100.69675
497.52403, -99.03075
497.72424, -98.07875
497.92445, -97.12675
500.86086, -95.93659
514.59194, -94.50775
514.79215, -93.55575
520.99866, -102.36124
529.15722, -101.88474
529.70780, -99.26675
529.90801, -98.31475
530.10822, -97.36275
530.30843, -96.41075
530.50864, -95.45875
531.10927, -92.60275
531.30948, -91.65075
531.50969, -90.69876
531.70990, -89.74676
531.91011, -88.79476
532.09364, -100.69458
532.11032, -87.84276
532.31053, -86.89076
532.51074, -85.93876
532.71095, -84.98676
532.91116, -84.03476
533.11137, -83.08276
533.31158, -82.13076
533.51179, -81.17877
546.82576, -94.50575
547.02597, -93.55375
549.82892, -80.22577
550.02913, -79.27377
550.22934, -78.32177
550.42955, -77.36977
550.62976, -76.41777
550.82997, -75.46577
561.34100, -102.12074
561.54121, -101.16874
561.74142, -100.21674
561.94163, -99.26474
562.14184, -98.31275
562.34205, -97.36075
562.54226, -96.40875
562.74247, -95.45675
563.34310, -92.60075
563.54331, -91.64875
563.74352, -90.69675
563.94373, -89.74475
564.14394, -88.79276
564.34415, -87.84076
564.54436, -86.88876
564.74457, -85.93676
564.94478, -84.98476
565.14499, -84.03276
565.34520, -83.08076
565.54541, -82.12876
565.74562, -81.17676
567.14709, -74.51277
567.34730, -73.56077
567.54751, -72.60877
567.74772, -71.65677
567.94793, -70.70477
568.14814, -69.75277
568.34835, -68.80078
568.54856, -67.84878
568.74877, -66.89678
568.94898, -65.94478
569.14919, -64.99278
579.05959, -94.50375
579.25980, -93.55175
582.06274, -80.22376
582.26295, -79.27176
582.46316, -78.31976
582.66337, -77.36777
582.86358, -76.41577
583.06379, -75.46377
585.46631, -64.03978
585.66652, -63.08778
585.86673, -62.13578
586.06694, -61.18378
586.26715, -60.23178
586.46736, -59.27978
586.66757, -58.32779
593.72498, -101.40474
593.92519, -100.45274
594.12540, -99.50074
594.32561, -98.54874
594.52582, -97.59674
594.72603, -96.64475
595.52687, -92.83675
595.72708, -91.88475
595.92729, -90.93275
596.12750, -89.98075
596.32771, -89.02875
596.52792, -88.07675
596.72813, -87.12475
596.92834, -86.17276
597.12855, -85.22076
597.32876, -84.26876
597.52897, -83.31676
597.66245, -95.45458
597.72918, -82.36476
599.33086, -74.74877
599.53107, -73.79677
599.73128, -72.84477
599.93149, -71.89277
600.13170, -70.94077
600.33191, -69.98877
600.53212, -69.03677
600.66560, -81.17459
600.73233, -68.08477
600.93254, -67.13278
601.13275, -66.18078
601.58323, -102.35624
603.33507, -94.02625
604.06917, -64.99061
614.39667, -79.74576
614.59688, -78.79376
614.79709, -77.84176
614.99730, -76.88976
615.19751, -75.93777
617.80025, -63.56178
618.00046, -62.60978
618.20067, -61.65778
618.40088, -60.70578
618.60109, -59.75378
618.80130, -58.80178
619.00151, -57.84978
619.20172, -56.89778
619.40193, -55.94579
619.60214, -54.99379
619.80235, -54.04179
620.00256, -53.08979
620.20277, -52.13779
628.71170, -88.31275
628.91191, -87.36075
629.11212, -86.40875
629.31233, -85.45675
629.51254, -84.50476
629.71275, -83.55276
629.91296, -82.60076
630.11317, -81.64876
630.31338, -80.69676
631.51464, -74.98477
631.71485, -74.03277
631.91506, -73.08077
632.11527, -72.12877
632.31548, -71.17677
632.51569, -70.22477
632.71590, -69.27277
632.91611, -68.32077
633.11632, -67.36877
633.31653, -66.41677
633.51674, -65.46477
633.71695, -64.51278
643.57730, -55.94428
643.77751, -54.99229
646.58045, -79.98176
646.78066, -79.02976
646.98087, -78.07776
647.18108, -77.12576
649.98402, -63.79778
650.11749, -75.93560
650.18423, -62.84578
650.38444, -61.89378
650.58465, -60.94178
650.78486, -59.98978
650.98507, -59.03778
651.18528, -58.08578
651.38549, -57.13378
658.64311, -99.25874
658.84332, -98.30674
659.04353, -97.35474
659.24374, -96.40274
659.44395, -95.45074
659.64416, -94.49874
659.84437, -93.54674
660.04458, -92.59475
660.24479, -91.64275
660.44500, -90.69075
660.64521, -89.73875
660.84542, -88.78675
661.04563, -87.83475
661.24584, -86.88275
661.44605, -85.93075
661.64626, -84.97875
661.84647, -84.02675
662.04668, -83.07475
662.24689, -82.12276
662.44710, -81.17076
663.84857, -74.50676
664.04878, -73.55476
664.24899, -72.60277
664.44920, -71.65077
664.64941, -70.69877
664.84962, -69.74677
665.04983, -68.79477
665.25004, -67.84277
665.45025, -66.89077
665.65046, -65.93877
665.85067, -64.98677
674.30955, -63.08227
674.50976, -62.13028
674.60986, -99.97174
674.70997, -61.17828
678.76422, -80.21776
678.96443, -79.26576
679.16464, -78.31376
679.36485, -77.36176
679.56506, -76.40976
679.76527, -75.45776
682.16779, -64.03377
690.82688, -99.49474
691.02709, -98.54274
691.22730, -97.59074
691.42751, -96.63874
691.62772, -95.68674
691.82793, -94.73474
692.02814, -93.78274
692.22835, -92.83074
692.42856, -91.87874
692.62877, -90.92674
692.82898, -89.97475
693.02919, -89.02275
693.22940, -88.07075
693.42961, -87.11875
693.62982, -86.16675
693.83003, -85.21475
694.03024, -84.26275
694.23045, -83.31075
694.43066, -82.35875
696.03234, -74.74276
696.23255, -73.79076
696.43276, -72.83876
696.63297, -71.88676
696.83318, -70.93477
697.03339, -69.98277
697.23360, -69.03077
697.36708, -81.16859
697.43381, -68.07877
697.63402, -67.12677
697.83423, -66.17477
700.77065, -64.98460
711.09815, -79.73976
711.29836, -78.78776
711.49857, -77.83576
711.69878, -76.88376
711.89899, -75.93176
723.03568, -99.61173
723.21086, -98.77873
723.41107, -97.82674
723.61128, -96.87474
723.81149, -95.92274
724.01170, -94.97074
724.21191, -94.01874
724.41212, -93.06674
724.61233, -92.11474
724.81254, -91.16274
725.01275, -90.21074
725.21296, -89.25874
725.41317, -88.30675
725.61338, -87.35475
725.81359, -86.40275
726.01380, -85.45075
726.21401, -84.49875
726.41422, -83.54675
726.61443, -82.59475
726.81465, -81.64275
727.01486, -80.69075
728.21612, -74.97876
728.41633, -74.02676
728.61654, -73.07476
728.81675, -72.12276
729.01696, -71.17076
729.21717, -70.21876
729.41738, -69.26676
729.61759, -68.31477
729.81780, -67.36277
730.01801, -66.41077
730.21822, -65.45877
730.41843, -64.50677
730.61864, -63.55477
738.57699, -102.34773
738.92736, -100.68173
743.33198, -79.73775
743.53219, -78.78575
743.73240, -77.83375
743.93261, -76.88176
744.13282, -75.92976
754.19338, -66.40927
754.39359, -65.45727
754.59380, -64.50527
754.79401, -63.55327
755.19443, -99.96673
755.39464, -99.01473
755.59485, -98.06273
755.79506, -97.11073
755.99527, -96.15874
756.19548, -95.20674
756.39569, -94.25474
756.59590, -93.30274
756.79611, -92.35074
756.99632, -91.39874
757.19653, -90.44674
757.39674, -89.49474
757.53021, -101.63256
757.59695, -88.54274
757.79716, -87.59074
757.99737, -86.63874
758.19758, -85.68675
758.39779, -84.73475
758.59800, -83.78275
758.79821, -82.83075
758.99842, -81.87875
760.39989, -75.21476
760.60010, -74.26276
760.80031, -73.31076
761.00052, -72.35876
761.20073, -71.40676
761.40094, -70.45476
761.60115, -69.50276
761.80136, -68.55076
761.93483, -80.68858
762.00157, -67.59876
775.61586, -79.49775
775.81607, -78.54575
776.01628, -77.59375
778.95269, -76.40359
785.02573, -73.07126
785.22594, -72.11926
785.42615, -71.16726
785.62636, -70.21526
787.47831, -99.72673
787.67852, -98.77473
787.87873, -97.82273
788.07894, -96.87073
788.27915, -95.91873
788.47936, -94.96673
788.67957, -94.01474
788.87978, -93.06274
789.07999, -92.11074
789.28020, -91.15874
789.48041, -90.20674
789.68062, -89.25474
789.88083, -88.30274
790.08104, -87.35074
790.28125, -86.39874
790.48146, -85.44674
790.68167, -84.49474
790.88188, -83.54275
791.08209, -82.59075
791.28230, -81.63875
791.48251, -80.68675
792.68377, -74.97475
792.88398, -74.02276
799.74117, -79.73425
799.94138, -78.78225
800.14159, -77.83025
800.34180, -76.87825
800.54201, -75.92625
803.39501, -100.67773
811.10310, -102.34323
814.65683, -85.44524
814.85704, -84.49324
819.66208, -99.96273
819.86229, -99.01073
820.06250, -98.05873
820.26271, -97.10673
820.46292, -96.15473
820.66313, -95.20273
820.86334, -94.25073
821.06355, -93.29873
821.26376, -92.34673
821.46397, -91.39474
821.66418, -90.44274
821.86439, -89.49074
821.99786, -101.62856
822.06460, -88.53874
822.26481, -87.58674
822.46502, -86.63474
843.38698, -102.10322
851.67067, -101.03172
851.84585, -100.19872
852.04606, -99.24673
852.24627, -98.29473
852.44648, -97.34273
852.64669, -96.39073
852.84690, -95.43873
853.04711, -94.48673
853.24732, -93.53473
853.44753, -92.58273
853.64774, -91.63073
853.84795, -90.67873
854.04816, -89.72674
854.24837, -88.77474
854.44858, -87.82274
854.64879, -86.87074
854.84900, -85.91874
855.04921, -84.96674
855.24942, -84.01474
855.44963, -83.06274
855.64984, -82.11074
855.85005, -81.15874
856.05026, -80.20675
856.25047, -79.25475
856.45069, -78.30275
856.65090, -77.35075
856.85111, -76.39875
857.05132, -75.44675
857.25153, -74.49475
857.45174, -73.54275
857.65195, -72.59075
857.85216, -71.63875
858.05237, -70.68675
858.25258, -69.73476
858.45279, -68.78276
858.65300, -67.83076
858.85321, -66.87876
859.05342, -65.92676
859.25363, -64.97476
859.45384, -64.02276
859.65405, -63.07076
859.85426, -62.11876
860.05447, -61.16676
860.25468, -60.21477
860.45489, -59.26277
860.65510, -58.31077
876.97222, -57.35777
877.17243, -56.40577
877.37264, -55.45377
877.37264, -93.77123
877.52280, -93.05723
877.57285, -54.50177
877.72301, -92.10523
877.77306, -53.54977
877.92322, -91.15323
877.97327, -52.59777
878.12343, -90.20123
878.17348, -51.64577
878.27359, -12.85231
878.32364, -89.24923
878.37369, -50.69377
878.52385, -88.29724
878.57390, -49.74178
878.72406, -87.34524
878.77411, -48.78978
878.92427, -86.39324
878.97432, -47.83778
879.12448, -85.44124
879.17453, -46.88578
879.32469, -84.48924
879.37474, -45.93378
879.52490, -83.53724
879.57495, -44.98178
879.72511, -82.58524
879.77516, -44.02978
879.92532, -81.63324
879.97537, -43.07778
880.12553, -80.68124
880.17558, -42.12578
880.32574, -79.72924
880.37579, -41.17378
880.52595, -78.77725
880.57600, -40.22178
880.72616, -77.82525
880.77621, -39.26979
880.92637, -76.87325
880.97642, -38.31779
881.12658, -75.92125
881.17663, -37.36579
881.32679, -74.96925
881.37684, -36.41379
881.57705, -35.46179
881.77726, -34.50979
881.87737, -72.35125
881.97747, -33.55779
882.02753, -71.63725
882.17768, -32.60579
882.22774, -70.68525
882.37789, -31.65379
882.42795, -69.73325
882.57810, -30.70179
882.62816, -68.78126
882.77831, -29.74980
882.82837, -67.82926
882.97852, -28.79780
883.02858, -66.87726
883.17873, -27.84580
883.37894, -26.89380
883.57915, -25.94180
883.77936, -24.98980
883.97957, -24.03780
884.17978, -23.08580
884.37999, -22.13380
884.58020, -21.18180
884.78041, -20.22981
884.88052, -58.07127
884.98062, -19.27781
885.18083, -18.32581
886.43215, -12.37581
886.63236, -11.42381
886.83257, -10.47182
887.03278, -9.51982
889.96919, -8.32965
901.49796, -17.37281
901.69817, -16.42081
901.89838, -15.46881
902.09859, -14.51681
902.29880, -13.56481
903.70027, -6.90082
906.40311, -32.36629
906.55326, -31.65229
906.75347, -30.70029
906.95368, -29.74829
907.15389, -28.79630
915.36251, -28.08180
915.56272, -27.12980
915.76293, -26.17780
915.96314, -25.22580
916.16335, -24.27380
916.36356, -23.32180
916.56377, -22.36980
916.76398, -21.41780
916.96419, -20.46580
917.16440, -19.51380
918.56587, -12.84981
918.76608, -11.89781
918.96629, -10.94581
919.16650, -9.99381
919.36671, -9.04181
920.10081, -18.32364
922.30312, -7.85165
925.77343, -16.89531
925.97364, -15.94331
926.17385, -14.99131
926.37406, -14.03931
938.38667, -33.55429
938.58688, -32.60229
938.78709, -31.65029
938.98730, -30.69829
939.18751, -29.74629
939.38772, -28.79429
940.18856, -24.98630
940.38877, -24.03430
940.58898, -23.08230
940.78919, -22.13030
940.98940, -21.17830
941.18961, -20.22630
941.38982, -19.27430
941.59003, -18.32230
944.99360, -40.45578
945.19381, -39.50378
945.39402, -38.55178
945.59423, -37.59978
945.79444, -36.64778
945.99465, -35.69579
946.19486, -34.74379
947.64639, -27.84179
947.84660, -26.88979
948.04681, -25.93780
959.65899, -47.35677
959.85920, -46.40477
960.05941, -45.45277
960.25962, -44.50078
960.45983, -43.54878
960.66004, -42.59678
960.86025, -41.64478
969.91976, -36.88428
977.17738, -40.69178
977.37759, -39.73978
977.57780, -38.78778
977.77801, -37.83578
984.43499, -44.49927
984.63520, -43.54727
984.83541, -42.59528
985.03562, -41.64328
1009.71152, -39.26178
1009.86167, -38.54778
1010.06188, -37.59578
1041.82021, -39.85477
1041.99540, -39.02178
1066.02061, -39.73427
1076.96543, -38.78161
1106.61321, -38.30377
1106.81342, -37.35177
1107.01363, -36.39977
1131.18900, -36.39827
1138.39656, -40.44377
1138.59677, -39.49177
1138.79698, -38.53977
1138.99719, -37.58777
1152.01085, -52.34275
1152.21106, -51.39076
1152.41127, -50.43876
1152.61148, -49.48676
1152.81169, -48.53476
1153.01190, -47.58276
1153.21211, -46.63076
1153.41232, -45.67876
1153.61253, -44.72676
1153.81274, -43.77476
1154.01295, -42.82276
1156.94936, -41.63260
1163.07245, -76.37973
1163.27266, -75.42773
1163.47287, -74.47573
1163.67308, -73.52373
1163.87329, -72.57173
1164.07350, -71.61973
1164.27371, -70.66773
1164.47392, -69.71574
1164.67413, -68.76374
1164.87434, -67.81174
1165.07455, -66.85974
1165.27476, -65.90774
1165.47497, -64.95574
1165.67519, -64.00374
1165.87540, -63.05174
1166.07561, -62.09974
1166.27582, -61.14774
1166.47603, -60.19575
1166.67624, -59.24375
1166.87645, -58.29175
1167.07666, -57.33975
1167.27687, -56.38775
1167.47708, -55.43575
1167.67729, -54.48375
1167.87750, -53.53175
1170.68044, -40.20377
1176.13616, -52.57925
1176.33637, -51.62725
1176.53658, -50.67525
1176.73679, -49.72326
1176.93700, -48.77126
1177.13721, -47.81926
1177.33742, -46.86726
1177.53763, -45.91526
1177.73784, -44.96326
1186.02154, -43.89176
1186.19672, -43.05876
1186.39693, -42.10676
1186.59714, -41.15476
1186.99756, -39.25077
1187.19777, -38.29877
1187.39798, -37.34677
1202.91426, -40.20176
1211.37314, -38.29727
1211.57335, -37.34527
1218.25536, -43.88976
1218.43055, -43.05676
1218.63076, -42.10476
1218.83097, -41.15276
1219.23139, -39.24876
1233.19604, -49.48175
1233.34620, -48.76775
1233.54641, -47.81575
1233.74662, -46.86376
1233.94683, -45.91176
1234.14704, -44.95976
1235.14809, -40.19976
1242.40571, -44.00726
1250.68940, -42.93576
1250.86458, -42.10276
1251.06479, -41.15076
1251.46521, -39.24676
1267.38192, -40.19776
1267.78234, -38.29376
1267.98255, -37.34176
1268.18276, -36.38976
1268.38297, -35.43776
1268.58318, -34.48577
1268.78339, -33.53377
1283.29862, -41.14876
1283.69904, -39.24476
1292.95876, -33.53226
1299.01511, -43.05175
1299.21532, -42.09976
1299.61574, -40.19576
1300.01616, -38.29176
1300.21637, -37.33976
1300.41658, -36.38776
1300.61679, -35.43576
1300.81700, -34.48376
1318.21860, -41.14659
1318.61902, -39.24259
1323.14043, -43.28825
1323.29059, -42.57425
1332.35009, -37.81376
1332.55030, -36.86176
1332.75051, -35.90976
1332.95072, -34.95776
1333.15093, -34.00576
1333.35114, -33.05376
1333.55135, -32.10176
1340.05818, -39.47926
1349.81842, -31.38676
1350.01863, -30.43476
1350.21885, -29.48277
1350.95295, -38.76459
1353.15526, -28.29260
1356.62557, -37.33626
1356.82578, -36.38426
1357.02599, -35.43226
1357.22620, -34.48026
1357.42641, -33.52826
1357.62662, -32.57626
1366.88634, -26.86377
1367.08655, -25.91177
1367.28676, -24.95977
1367.48697, -24.00777
1367.68718, -23.05577
1367.88739, -22.10377
1374.74458, -27.81527
1384.20451, -21.15077
1384.40472, -20.19877
1392.11281, -21.86427
1400.72184, -19.24577
1400.92205, -18.29377
1401.12226, -17.34177
1401.32247, -16.38978
1401.52268, -15.43778
1408.63014, -19.95927
1417.83981, -14.48478
1418.04002, -13.53278
1418.24023, -12.58078
1418.44044, -11.62878
1425.74811, -15.19828
1434.75756, -10.67578
1450.29887, -13.41178
1450.47405, -12.57878
1450.67426, -11.62678
1466.24060, -14.24377
1482.45762, -13.76677
1489.91544, -16.62227
1498.07400, -16.14577
1501.01042, -14.95560
1512.38903, -24.71276
1512.53918, -23.99876
1512.73939, -23.04676
1512.93960, -22.09476
1513.13981, -21.14276
1513.34002, -20.19076
1513.54023, -19.23877
1513.74044, -18.28677
1513.94065, -17.33477
1530.23275, -16.50077
1530.40794, -15.66777
1530.60815, -14.71577
1530.80836, -13.76377
1531.00857, -12.81177
1531.20878, -11.85977
1534.14519, -10.66961
1547.87627, -9.24077
1548.07648, -8.28877
1548.27669, -7.33678
1563.84302, -9.95377
1572.25185, -8.28727
1572.45206, -7.33527
1580.06004, -9.47677
1587.71808, -11.38027
1598.61284, -10.66560
1602.53362, -17.56726
1607.91427, -30.29975
1608.08945, -29.46675
1608.28966, -28.51475
1610.69219, -17.09076
1610.89240, -16.13876
1611.09261, -15.18676
1611.22608, -27.32458
1611.29282, -14.23476
1611.49303, -13.28277
1614.42944, -12.09260
1624.95716, -25.89575
1625.15737, -24.94375
1625.35758, -23.99175
1625.55779, -23.03975
1625.75800, -22.08776
1625.95821, -21.13576
1626.15842, -20.18376
1626.35863, -19.23176
1626.55884, -18.27976
1632.06461, -30.41725
1632.21477, -29.70325
1632.41498, -28.75125
1632.61519, -27.79925
1632.81540, -26.84725
1634.81750, -17.32726
1635.01771, -16.37526
1635.21792, -15.42326
1635.41813, -14.47126
1643.67680, -13.51876
1643.87701, -12.56676
1644.07722, -11.61476
1644.27743, -10.66277
1644.47764, -9.71077
1644.67785, -8.75877
1660.94492, -8.04377
1663.88134, -6.85360
1693.32890, -7.32777
1693.52911, -6.37577
1708.99534, -9.46876
1711.93176, -8.27860
1727.54815, -10.65759
1740.70362, -11.96576
1748.93726, -11.13226
1772.71221, -13.03475
1772.86237, -12.32076
1804.69577, -14.22275
1804.89598, -13.27075
1820.58745, -15.29275
1828.82109, -14.45925
1836.50415, -16.24375
1844.73779, -15.41025
1852.42086, -17.19475
1860.65450, -16.36125
1884.37939, -18.50174
1884.57960, -17.54974
1916.36296, -19.68974
1916.51311, -18.97574
1940.38817, -20.40224
1948.54673, -19.92574
1980.43019, -21.58973
1980.58035, -20.87573
2004.60556, -21.58823
2012.28862, -23.37273
2012.46380, -22.53973
2028.20532, -24.32373
2035.88839, -26.10822
2036.43896, -23.49023
2046.78315, -25.39356
2062.59975, -26.82056
2075.75522, -28.12872
2083.98886, -27.29522
2107.96402, -28.24572
2123.95580, -28.83972
2142.58369, -29.67155
2155.71413, -31.09871
2163.97280, -30.14621
2171.38057, -33.23971
2174.31699, -32.04954
2186.84680, -36.33270
2187.04701, -35.38070
2187.24722, -34.42871
2195.50589, -33.47621
2202.51324, -38.47370
2205.44966, -37.28353
2218.17968, -40.61470
2221.06604, -39.66253
2242.30500, -40.85120
2253.21645, -40.05720
2282.84754, -39.65869
2317.78421, -39.57719
2339.30679, -39.41719
2347.51541, -38.70269
2371.64072, -38.93919
2379.84934, -38.22469
2412.08316, -38.22269
2428.02489, -39.05469
2436.25853, -38.22119
2459.98343, -40.36168
2460.18364, -39.40968
2491.91694, -41.78768
2492.11715, -40.83568
2515.89210, -42.73818
2524.05066, -42.26168
2548.02582, -43.21217
2556.18438, -42.73567
2588.36816, -42.97167
2620.55193, -43.20767
2652.78576, -43.20567
2685.01958, -43.20366
2717.22838, -43.32066
2749.43718, -43.43766
2765.42897, -44.03166
2789.47920, -44.62516
2797.63777, -44.14866
2821.61292, -45.09915
2829.77149, -44.62265
2861.95526, -44.85865
2894.18909, -44.85665
2918.31440, -45.09315
2926.52302, -44.37865
2958.70679, -44.61464
2990.89056, -44.85064
3015.06593, -44.84914
3026.01075, -43.89647
3042.42798, -42.46747
3047.55002, -43.65714
3056.15906, -41.03864
3064.06736, -41.75214
3072.42613, -40.32364
3075.36254, -39.13348
3089.09362, -37.70464
3096.95187, -38.65614
3108.09689, -36.75148
3129.63616, -36.51214
3137.84478, -35.79764
3169.90342, -36.62864
3170.07860, -35.79564
3185.82012, -37.57964
3193.50319, -39.36413
3194.05376, -36.74614
3204.39795, -38.64947
3209.11957, -41.74313
3217.27814, -41.26663
3220.21455, -40.07647
3231.69326, -49.35762
3231.89347, -48.40562
3232.09368, -47.45362
3232.29389, -46.50162
3232.49410, -45.54963
3232.69431, -44.59763
3232.89452, -43.64563
3235.83094, -42.45546
3247.13447, -52.56962
3247.30965, -51.73662
3250.24607, -50.54645
3255.91869, -49.11812
3264.17735, -48.16562
3264.37756, -47.21362
3264.57777, -46.26162
3264.77798, -45.30962
3264.97819, -44.35763
3265.17840, -43.40563
3265.37861, -42.45363
3265.57882, -41.50163
3273.83749, -40.54913
3274.03770, -39.59713
3274.23791, -38.64513
3274.43812, -37.69313
3274.63833, -36.74113
3282.87197, -35.90763
3283.04715, -35.07463
3283.24736, -34.12263
3286.18378, -32.93247
3299.91485, -31.50364
3300.11506, -30.55164
3300.31527, -29.59964
3307.82315, -32.21713
3316.63240, -28.64664
3316.83261, -27.69464
3317.03282, -26.74264
3333.34994, -25.78964
3333.55015, -24.83764
3341.25824, -26.50314
3352.55343, -23.88447
3368.97066, -22.45547
3374.09270, -23.64514
3385.38788, -21.02647
3390.50993, -22.21614
3399.06891, -19.83564
3402.00532, -18.64548
3418.42255, -17.21648
3423.54459, -18.40614
3447.89515, -17.57164
3448.07033, -16.73864
3463.86190, -18.28464
3472.14559, -17.21314
3479.15295, -22.21063
3479.35316, -21.25864
3479.55337, -20.30664
3482.48978, -19.11647
3495.06965, -23.16163
3511.33672, -22.44663
3527.27845, -23.27863
3543.24521, -23.99163
3543.52049, -22.68263
3558.98672, -25.77563
3559.18693, -24.82363
3575.50406, -23.87063
3575.70427, -22.91863
3583.36230, -24.82212
3591.99636, -22.08463
3592.17155, -21.25163
3595.10796, -20.06146
3608.86407, -18.51363
3609.03925, -17.68063
3628.04253, -16.72746
3649.58179, -16.48813
3657.79041, -15.77363
3690.02424, -15.77163
3705.76575, -17.55562
3705.94094, -16.72262
3721.40717, -19.81562
3724.34358, -18.62546
3737.02356, -22.19462
3739.95997, -21.00445
3752.91523, -23.26462
3771.89348, -22.43045
3777.01552, -23.62011
3793.38270, -22.42911
3804.34420, -21.39711
3825.86679, -21.23711
3834.07540, -20.52261
3866.30923, -20.52061
3884.91208, -21.47144
3889.83392, -23.61311
3900.72868, -22.89844
3913.65892, -25.27760
3913.85913, -24.32560
3929.32536, -27.41860
3929.52557, -26.46660
3953.55078, -27.17910
3961.40903, -28.13060
3980.04525, -28.92276
4001.50110, -29.08009
4008.90887, -32.17359
4009.10908, -31.22159
4009.30929, -30.26959
4024.37510, -35.26658
4024.52526, -34.55259
4027.46168, -33.36242
4048.50042, -35.50308
4056.70903, -34.78858
4056.90924, -33.83658
4079.73320, -40.26108
4080.48398, -36.69108
4080.68419, -35.73908
4080.88440, -34.78708
4081.08461, -33.83508
4087.89176, -39.78458
4088.09197, -38.83258
4088.29218, -37.88058
4120.07553, -40.02057
4120.27574, -39.06857
4120.47595, -38.11658
4135.99223, -40.97157
4144.25090, -40.01907
4144.45111, -39.06707
4151.50852, -43.82657
4151.70873, -42.87457
4151.90894, -41.92257
4167.22501, -45.72956
4167.42522, -44.77757
4198.65800, -49.53556
4198.80815, -48.82156
4199.00836, -47.86956
4199.20857, -46.91756
4199.40878, -45.96556
4199.60899, -45.01356
4230.84177, -49.77156
4231.04198, -48.81956
4238.49981, -51.67505
4246.65837, -51.19855
4265.21117, -52.38738
4277.94119, -55.71855
4278.09135, -55.00455
4281.02777, -53.81438
4302.11656, -55.71705
4309.37418, -59.52454
4309.57439, -58.57254
4309.77460, -57.62054
4309.97481, -56.66854
4333.54955, -59.52304
4340.80717, -63.33054
4341.00738, -62.37854
4341.20759, -61.42654
4341.40780, -60.47454
4365.18275, -62.37703
4372.24015, -67.13653
4372.39031, -66.42253
4372.59052, -65.47053
4372.79073, -64.51853
4372.99094, -63.56653
4403.62309, -71.18052
4403.82330, -70.22852
4404.02351, -69.27652
4404.22372, -68.32453
4404.42393, -67.37253
4404.64916, -66.30153
4428.24893, -69.03702
4434.90591, -75.70052
4435.10612, -74.74852
4435.30633, -73.79652
4435.50654, -72.84452
4435.70675, -71.89252
4435.90696, -70.94052
4436.10717, -69.98852
4466.11366, -80.57751
4466.28885, -79.74451
4466.48906, -78.79251
4466.68927, -77.84051
4466.88948, -76.88851
4467.08969, -75.93651
4467.28990, -74.98451
4467.49011, -74.03252
4467.69032, -73.08052
4489.26296, -85.45500
4497.42152, -84.97850
4497.62173, -84.02650
4497.82194, -83.07450
4498.02215, -82.12251
4498.22236, -81.17051
4498.42257, -80.21851
4498.62278, -79.26651
4498.82299, -78.31451
4499.02320, -77.36251
4499.22341, -76.41051
4522.64799, -79.97901
4528.50414, -90.45049
4528.70435, -89.49850
4528.90456, -88.54650
4529.10477, -87.59450
4529.30498, -86.64250
4529.50519, -85.69050
4529.70540, -84.73850
4529.90561, -83.78650
4530.10582, -82.83450
4530.30603, -81.88250
4530.50624, -80.93050
4530.88163, -79.14551
4554.08098, -83.78500
4554.28119, -82.83300
4554.48140, -81.88100
4559.13628, -98.06449
4559.28644, -97.35049
4559.48665, -96.39849
4559.68686, -95.44649
4559.88707, -94.49449
4560.08728, -93.54249
4560.28749, -92.59049
4560.48770, -91.63849
4560.68791, -90.68649
4560.88812, -89.73449
4561.08833, -88.78249
4561.28854, -87.83050
4561.48875, -86.87850
4561.68896, -85.92650
4561.88917, -84.97450
4582.46076, -102.10898
4582.61092, -101.39498
4586.01449, -85.21100
4590.81953, -100.68048
4591.01974, -99.72848
4591.21995, -98.77648
4591.42016, -97.82448
4591.62037, -96.87248
4591.82058, -95.92049
4592.02079, -94.96849
4592.22100, -94.01649
4592.42121, -93.06449
4592.62142, -92.11249
4592.82163, -91.16049
4593.02184, -90.20849
4593.22205, -89.25649
4593.42226, -88.30449
4593.62247, -87.35249
4593.82268, -86.40049
4617.44747, -89.01699
4617.64768, -88.06499
4622.75304, -102.10648
4622.90320, -101.39248
4623.10341, -100.44048
4623.30362, -99.48848
4623.50383, -98.53648
4623.70404, -97.58448
4623.90425, -96.63248
4624.10446, -95.68048
4624.30467, -94.72848
4624.50488, -93.77649
4624.70509, -92.82449
4624.90530, -91.87249
4625.10551, -90.92049
4625.30572, -89.96849
4648.88046, -92.82298
4649.08067, -91.87099
4649.28088, -90.91899
4654.98687, -102.10447
4655.13702, -101.39048
4655.33723, -100.43848
4655.53744, -99.48648
4655.73765, -98.53448
4655.93786, -97.58248
4656.13807, -96.63048
4656.33828, -95.67848
4656.53849, -94.72648
4656.73870, -93.77448
4679.16224, -102.10297
4680.71386, -94.72498
4680.91407, -93.77298
4687.32080, -101.62647
4687.52101, -100.67447
4687.72122, -99.72247
4687.92143, -98.77048
4688.12164, -97.81848
4688.32185, -96.86648
4688.52206, -95.91448
4711.39606, -102.10097
4712.54727, -96.62698
4719.55462, -101.62447
4719.75483, -100.67247
4719.95504, -99.72047
4720.15525, -98.76847
4720.35546, -97.81647
4751.73840, -101.86047
4751.93861, -100.90847
4752.13882, -99.95647
4752.33903, -99.00447
4752.53924, -98.05247
4784.39767, -99.83547
4784.57285, -99.00247
4784.77306, -98.05047
4816.98186, -98.16747
4819.89325, -97.09630
4841.38247, -97.09497
4852.34397, -96.06297
4873.86656, -95.90297
4884.77801, -95.10897
4906.30059, -94.94897
4914.50921, -94.23447
4946.79309, -93.99446
4970.96846, -93.99296
4979.17707, -93.27846
5003.35244, -93.27696
